chunk_tokens,overlap,mode,k,chunks,hit_rate,mrr,avg_context_tokens
200,0,vector,1,36,0.675,0.675,148
200,0,vector,3,36,0.9,0.7792,454
200,0,vector,5,36,1.0,0.8017,768
200,0,vector,8,36,1.0,0.8017,1219
200,0,keyword,1,36,0.825,0.825,156
200,0,keyword,3,36,0.9,0.8583,453
200,0,keyword,5,36,0.925,0.8633,739
200,0,keyword,8,36,0.975,0.8711,1166
200,0,hybrid,1,36,0.775,0.775,154
200,0,hybrid,3,36,0.95,0.8542,458
200,0,hybrid,5,36,0.975,0.8604,759
200,0,hybrid,8,36,0.975,0.8604,1225
200,50,vector,1,38,0.675,0.675,152
200,50,vector,3,38,0.9,0.7792,448
200,50,vector,5,38,0.925,0.7854,760
200,50,vector,8,38,0.975,0.7921,1219
200,50,keyword,1,38,0.8,0.8,153
200,50,keyword,3,38,0.9,0.8458,435
200,50,keyword,5,38,0.925,0.8508,735
200,50,keyword,8,38,0.975,0.8581,1154
200,50,hybrid,1,38,0.75,0.75,150
200,50,hybrid,3,38,0.925,0.825,457
200,50,hybrid,5,38,0.95,0.8313,762
200,50,hybrid,8,38,0.975,0.8354,1226
350,0,vector,1,21,0.75,0.75,272
350,0,vector,3,21,0.95,0.8417,778
350,0,vector,5,21,0.95,0.8417,1308
350,0,vector,8,21,1.0,0.849,2101
350,0,keyword,1,21,0.825,0.825,284
350,0,keyword,3,21,0.925,0.8708,791
350,0,keyword,5,21,0.95,0.8758,1331
350,0,keyword,8,21,1.0,0.8831,2055
350,0,hybrid,1,21,0.825,0.825,282
350,0,hybrid,3,21,0.975,0.9,824
350,0,hybrid,5,21,0.975,0.9,1369
350,0,hybrid,8,21,1.0,0.9042,2197
350,50,vector,1,22,0.75,0.75,256
350,50,vector,3,22,0.975,0.85,744
350,50,vector,5,22,0.975,0.85,1230
350,50,vector,8,22,0.975,0.85,1967
350,50,keyword,1,22,0.825,0.825,269
350,50,keyword,3,22,0.925,0.8708,733
350,50,keyword,5,22,0.95,0.8758,1224
350,50,keyword,8,22,1.0,0.8821,1930
350,50,hybrid,1,22,0.875,0.875,266
350,50,hybrid,3,22,0.95,0.9125,755
350,50,hybrid,5,22,1.0,0.9238,1256
350,50,hybrid,8,22,1.0,0.9238,2077
350,100,vector,1,22,0.7,0.7,267
350,100,vector,3,22,0.9,0.7875,801
350,100,vector,5,22,0.95,0.8,1322
350,100,vector,8,22,1.0,0.8073,2120
350,100,keyword,1,22,0.85,0.85,262
350,100,keyword,3,22,0.925,0.8833,774
350,100,keyword,5,22,0.925,0.8833,1299
350,100,keyword,8,22,0.975,0.8906,2012
350,100,hybrid,1,22,0.825,0.825,265
350,100,hybrid,3,22,0.9,0.8625,816
350,100,hybrid,5,22,0.975,0.88,1331
350,100,hybrid,8,22,1.0,0.8842,2140
500,0,vector,1,15,0.65,0.65,334
500,0,vector,3,15,0.925,0.775,1021
500,0,vector,5,15,1.0,0.7937,1702
500,0,vector,8,15,1.0,0.7937,2801
500,0,keyword,1,15,0.9,0.9,379
500,0,keyword,3,15,0.925,0.9125,1019
500,0,keyword,5,15,0.95,0.9175,1723
500,0,keyword,8,15,0.975,0.9217,2682
500,0,hybrid,1,15,0.775,0.775,330
500,0,hybrid,3,15,0.95,0.8583,1045
500,0,hybrid,5,15,0.975,0.8646,1760
500,0,hybrid,8,15,1.0,0.8677,2830
500,50,vector,1,15,0.65,0.65,335
500,50,vector,3,15,0.925,0.7792,1011
500,50,vector,5,15,0.975,0.7904,1678
500,50,vector,8,15,1.0,0.7935,2784
500,50,keyword,1,15,0.9,0.9,379
500,50,keyword,3,15,0.925,0.9125,1021
500,50,keyword,5,15,0.95,0.9175,1732
500,50,keyword,8,15,0.975,0.9211,2692
500,50,hybrid,1,15,0.775,0.775,344
500,50,hybrid,3,15,0.95,0.8583,1048
500,50,hybrid,5,15,0.975,0.8633,1736
500,50,hybrid,8,15,0.975,0.8633,2833
500,100,vector,1,15,0.725,0.725,356
500,100,vector,3,15,0.9,0.8042,1102
500,100,vector,5,15,0.975,0.8204,1817
500,100,vector,8,15,1.0,0.824,2944
500,100,keyword,1,15,0.9,0.9,376
500,100,keyword,3,15,0.925,0.9125,1093
500,100,keyword,5,15,0.95,0.9175,1807
500,100,keyword,8,15,0.975,0.9217,2771
500,100,hybrid,1,15,0.8,0.8,360
500,100,hybrid,3,15,0.95,0.875,1094
500,100,hybrid,5,15,0.975,0.88,1832
500,100,hybrid,8,15,0.975,0.88,2982
800,0,vector,1,8,0.75,0.75,633
800,0,vector,3,8,0.975,0.8542,1827
800,0,vector,5,8,0.975,0.8542,3078
800,0,vector,8,8,1.0,0.8583,4968
800,0,keyword,1,8,0.9,0.9,631
800,0,keyword,3,8,0.975,0.9333,1778
800,0,keyword,5,8,0.975,0.9333,2903
800,0,keyword,8,8,1.0,0.9375,3982
800,0,hybrid,1,8,0.825,0.825,642
800,0,hybrid,3,8,0.975,0.8958,1812
800,0,hybrid,5,8,1.0,0.9021,3064
800,0,hybrid,8,8,1.0,0.9021,4968
800,50,vector,1,8,0.75,0.75,633
800,50,vector,3,8,0.975,0.8542,1827
800,50,vector,5,8,0.975,0.8542,3078
800,50,vector,8,8,1.0,0.8583,4968
800,50,keyword,1,8,0.9,0.9,631
800,50,keyword,3,8,0.975,0.9333,1778
800,50,keyword,5,8,0.975,0.9333,2903
800,50,keyword,8,8,1.0,0.9375,3982
800,50,hybrid,1,8,0.825,0.825,642
800,50,hybrid,3,8,0.975,0.8958,1812
800,50,hybrid,5,8,1.0,0.9021,3064
800,50,hybrid,8,8,1.0,0.9021,4968
800,100,vector,1,8,0.75,0.75,633
800,100,vector,3,8,0.975,0.8542,1827
800,100,vector,5,8,0.975,0.8542,3078
800,100,vector,8,8,1.0,0.8583,4968
800,100,keyword,1,8,0.9,0.9,631
800,100,keyword,3,8,0.975,0.9333,1778
800,100,keyword,5,8,0.975,0.9333,2903
800,100,keyword,8,8,1.0,0.9375,3982
800,100,hybrid,1,8,0.825,0.825,642
800,100,hybrid,3,8,0.975,0.8958,1812
800,100,hybrid,5,8,1.0,0.9021,3064
800,100,hybrid,8,8,1.0,0.9021,4968
